"","Bracket","Picks","Round","Game"
"1","Kristen's Big Dick Bracket","Kentucky",32,"G1"
"2","Kristen's Big Dick Bracket","Purdue",32,"G2"
"3","Kristen's Big Dick Bracket","West Virginia",32,"G3"
"4","Kristen's Big Dick Bracket","Maryland",32,"G4"
"5","Kristen's Big Dick Bracket","Texas",32,"G5"
"6","Kristen's Big Dick Bracket","Notre Dame",32,"G6"
"7","Kristen's Big Dick Bracket","Wichita St.",32,"G7"
"8","Kristen's Big Dick Bracket","Kansas",32,"G8"
"9","Kristen's Big Dick Bracket","Wisconsin",32,"G9"
"10","Kristen's Big Dick Bracket","Oregon",32,"G10"
"11","Kristen's Big Dick Bracket","Arkansas",32,"G11"
"12","Kristen's Big Dick Bracket","N. Carolina",32,"G12"
"13","Kristen's Big Dick Bracket","Xavier",32,"G13"
"14","Kristen's Big Dick Bracket","Baylor",32,"G14"
"15","Kristen's Big Dick Bracket","VCU",32,"G15"
"16","Kristen's Big Dick Bracket","Arizona",32,"G16"
"17","Kristen's Big Dick Bracket","Villanova",32,"G17"
"18","Kristen's Big Dick Bracket","N.C. State",32,"G18"
"19","Kristen's Big Dick Bracket","Northern Iowa",32,"G19"
"20","Kristen's Big Dick Bracket","Louisville",32,"G20"
"21","Kristen's Big Dick Bracket","Providence",32,"G21"
"22","Kristen's Big Dick Bracket","Oklahoma",32,"G22"
"23","Kristen's Big Dick Bracket","Michigan St.",32,"G23"
"24","Kristen's Big Dick Bracket","Virginia",32,"G24"
"25","Kristen's Big Dick Bracket","Duke",32,"G25"
"26","Kristen's Big Dick Bracket","S. Diego St.",32,"G26"
"27","Kristen's Big Dick Bracket","S.F. Austin",32,"G27"
"28","Kristen's Big Dick Bracket","Georgetown",32,"G28"
"29","Kristen's Big Dick Bracket","UCLA",32,"G29"
"30","Kristen's Big Dick Bracket","Iowa St.",32,"G30"
"31","Kristen's Big Dick Bracket","Iowa",32,"G31"
"32","Kristen's Big Dick Bracket","Gonzaga",32,"G32"
"33","Kristen's Big Dick Bracket","Kentucky",16,"G33"
"34","Kristen's Big Dick Bracket","Maryland",16,"G34"
"35","Kristen's Big Dick Bracket","Texas",16,"G35"
"36","Kristen's Big Dick Bracket","Wichita St.",16,"G36"
"37","Kristen's Big Dick Bracket","Wisconsin",16,"G37"
"38","Kristen's Big Dick Bracket","N. Carolina",16,"G38"
"39","Kristen's Big Dick Bracket","Baylor",16,"G39"
"40","Kristen's Big Dick Bracket","Arizona",16,"G40"
"41","Kristen's Big Dick Bracket","Villanova",16,"G41"
"42","Kristen's Big Dick Bracket","Louisville",16,"G42"
"43","Kristen's Big Dick Bracket","Oklahoma",16,"G43"
"44","Kristen's Big Dick Bracket","Michigan St.",16,"G44"
"45","Kristen's Big Dick Bracket","Duke",16,"G45"
"46","Kristen's Big Dick Bracket","S.F. Austin",16,"G46"
"47","Kristen's Big Dick Bracket","Iowa St.",16,"G47"
"48","Kristen's Big Dick Bracket","Gonzaga",16,"G48"
"49","Kristen's Big Dick Bracket","Kentucky",8,"G49"
"50","Kristen's Big Dick Bracket","Wichita St.",8,"G50"
"51","Kristen's Big Dick Bracket","Wisconsin",8,"G51"
"52","Kristen's Big Dick Bracket","Arizona",8,"G52"
"53","Kristen's Big Dick Bracket","Louisville",8,"G53"
"54","Kristen's Big Dick Bracket","Michigan St.",8,"G54"
"55","Kristen's Big Dick Bracket","S.F. Austin",8,"G55"
"56","Kristen's Big Dick Bracket","Gonzaga",8,"G56"
"57","Kristen's Big Dick Bracket","Kentucky",4,"G57"
"58","Kristen's Big Dick Bracket","Wisconsin",4,"G58"
"59","Kristen's Big Dick Bracket","Michigan St.",4,"G59"
"60","Kristen's Big Dick Bracket","Gonzaga",4,"G60"
"61","Kristen's Big Dick Bracket","Kentucky",2,"G61"
"62","Kristen's Big Dick Bracket","Michigan St.",2,"G62"
"63","Kristen's Big Dick Bracket","Kentucky",1,"G63"
"64","Hokies go Undefeated in Tourny","Kentucky",32,"G1"
"65","Hokies go Undefeated in Tourny","Cincinnati",32,"G2"
"66","Hokies go Undefeated in Tourny","West Virginia",32,"G3"
"67","Hokies go Undefeated in Tourny","Maryland",32,"G4"
"68","Hokies go Undefeated in Tourny","Butler",32,"G5"
"69","Hokies go Undefeated in Tourny","Notre Dame",32,"G6"
"70","Hokies go Undefeated in Tourny","Indiana",32,"G7"
"71","Hokies go Undefeated in Tourny","Kansas",32,"G8"
"72","Hokies go Undefeated in Tourny","Wisconsin",32,"G9"
"73","Hokies go Undefeated in Tourny","Oklahoma St.",32,"G10"
"74","Hokies go Undefeated in Tourny","Wofford",32,"G11"
"75","Hokies go Undefeated in Tourny","N. Carolina",32,"G12"
"76","Hokies go Undefeated in Tourny","Xavier",32,"G13"
"77","Hokies go Undefeated in Tourny","Baylor",32,"G14"
"78","Hokies go Undefeated in Tourny","VCU",32,"G15"
"79","Hokies go Undefeated in Tourny","Arizona",32,"G16"
"80","Hokies go Undefeated in Tourny","Villanova",32,"G17"
"81","Hokies go Undefeated in Tourny","N.C. State",32,"G18"
"82","Hokies go Undefeated in Tourny","Northern Iowa",32,"G19"
"83","Hokies go Undefeated in Tourny","Louisville",32,"G20"
"84","Hokies go Undefeated in Tourny","Providence",32,"G21"
"85","Hokies go Undefeated in Tourny","Oklahoma",32,"G22"
"86","Hokies go Undefeated in Tourny","Georgia",32,"G23"
"87","Hokies go Undefeated in Tourny","Virginia",32,"G24"
"88","Hokies go Undefeated in Tourny","Duke",32,"G25"
"89","Hokies go Undefeated in Tourny","St. John's",32,"G26"
"90","Hokies go Undefeated in Tourny","Utah",32,"G27"
"91","Hokies go Undefeated in Tourny","Georgetown",32,"G28"
"92","Hokies go Undefeated in Tourny","UCLA",32,"G29"
"93","Hokies go Undefeated in Tourny","Iowa St.",32,"G30"
"94","Hokies go Undefeated in Tourny","Davidson",32,"G31"
"95","Hokies go Undefeated in Tourny","Gonzaga",32,"G32"
"96","Hokies go Undefeated in Tourny","Kentucky",16,"G33"
"97","Hokies go Undefeated in Tourny","West Virginia",16,"G34"
"98","Hokies go Undefeated in Tourny","Notre Dame",16,"G35"
"99","Hokies go Undefeated in Tourny","Kansas",16,"G36"
"100","Hokies go Undefeated in Tourny","Wisconsin",16,"G37"
"101","Hokies go Undefeated in Tourny","N. Carolina",16,"G38"
"102","Hokies go Undefeated in Tourny","Xavier",16,"G39"
"103","Hokies go Undefeated in Tourny","Arizona",16,"G40"
"104","Hokies go Undefeated in Tourny","Villanova",16,"G41"
"105","Hokies go Undefeated in Tourny","Louisville",16,"G42"
"106","Hokies go Undefeated in Tourny","Oklahoma",16,"G43"
"107","Hokies go Undefeated in Tourny","Virginia",16,"G44"
"108","Hokies go Undefeated in Tourny","Duke",16,"G45"
"109","Hokies go Undefeated in Tourny","Utah",16,"G46"
"110","Hokies go Undefeated in Tourny","Iowa St.",16,"G47"
"111","Hokies go Undefeated in Tourny","Gonzaga",16,"G48"
"112","Hokies go Undefeated in Tourny","Kentucky",8,"G49"
"113","Hokies go Undefeated in Tourny","Notre Dame",8,"G50"
"114","Hokies go Undefeated in Tourny","Wisconsin",8,"G51"
"115","Hokies go Undefeated in Tourny","Arizona",8,"G52"
"116","Hokies go Undefeated in Tourny","Louisville",8,"G53"
"117","Hokies go Undefeated in Tourny","Oklahoma",8,"G54"
"118","Hokies go Undefeated in Tourny","Duke",8,"G55"
"119","Hokies go Undefeated in Tourny","Gonzaga",8,"G56"
"120","Hokies go Undefeated in Tourny","Kentucky",4,"G57"
"121","Hokies go Undefeated in Tourny","Wisconsin",4,"G58"
"122","Hokies go Undefeated in Tourny","Louisville",4,"G59"
"123","Hokies go Undefeated in Tourny","Duke",4,"G60"
"124","Hokies go Undefeated in Tourny","Kentucky",2,"G61"
"125","Hokies go Undefeated in Tourny","Duke",2,"G62"
"126","Hokies go Undefeated in Tourny","Duke",1,"G63"
"127","Shooty Hoops","Kentucky",32,"G1"
"128","Shooty Hoops","Cincinnati",32,"G2"
"129","Shooty Hoops","West Virginia",32,"G3"
"130","Shooty Hoops","Maryland",32,"G4"
"131","Shooty Hoops","Texas",32,"G5"
"132","Shooty Hoops","Notre Dame",32,"G6"
"133","Shooty Hoops","Indiana",32,"G7"
"134","Shooty Hoops","Kansas",32,"G8"
"135","Shooty Hoops","Wisconsin",32,"G9"
"136","Shooty Hoops","Oregon",32,"G10"
"137","Shooty Hoops","Wofford",32,"G11"
"138","Shooty Hoops","N. Carolina",32,"G12"
"139","Shooty Hoops","Xavier",32,"G13"
"140","Shooty Hoops","Baylor",32,"G14"
"141","Shooty Hoops","Ohio St.",32,"G15"
"142","Shooty Hoops","Arizona",32,"G16"
"143","Shooty Hoops","Villanova",32,"G17"
"144","Shooty Hoops","N.C. State",32,"G18"
"145","Shooty Hoops","Northern Iowa",32,"G19"
"146","Shooty Hoops","Louisville",32,"G20"
"147","Shooty Hoops","Providence",32,"G21"
"148","Shooty Hoops","Oklahoma",32,"G22"
"149","Shooty Hoops","Michigan St.",32,"G23"
"150","Shooty Hoops","Virginia",32,"G24"
"151","Shooty Hoops","Duke",32,"G25"
"152","Shooty Hoops","St. John's",32,"G26"
"153","Shooty Hoops","Utah",32,"G27"
"154","Shooty Hoops","Georgetown",32,"G28"
"155","Shooty Hoops","UCLA",32,"G29"
"156","Shooty Hoops","Iowa St.",32,"G30"
"157","Shooty Hoops","Davidson",32,"G31"
"158","Shooty Hoops","Gonzaga",32,"G32"
"159","Shooty Hoops","Kentucky",16,"G33"
"160","Shooty Hoops","West Virginia",16,"G34"
"161","Shooty Hoops","Notre Dame",16,"G35"
"162","Shooty Hoops","Kansas",16,"G36"
"163","Shooty Hoops","Wisconsin",16,"G37"
"164","Shooty Hoops","N. Carolina",16,"G38"
"165","Shooty Hoops","Xavier",16,"G39"
"166","Shooty Hoops","Arizona",16,"G40"
"167","Shooty Hoops","Villanova",16,"G41"
"168","Shooty Hoops","Louisville",16,"G42"
"169","Shooty Hoops","Oklahoma",16,"G43"
"170","Shooty Hoops","Michigan St.",16,"G44"
"171","Shooty Hoops","Duke",16,"G45"
"172","Shooty Hoops","Georgetown",16,"G46"
"173","Shooty Hoops","UCLA",16,"G47"
"174","Shooty Hoops","Gonzaga",16,"G48"
"175","Shooty Hoops","Kentucky",8,"G49"
"176","Shooty Hoops","Notre Dame",8,"G50"
"177","Shooty Hoops","Wisconsin",8,"G51"
"178","Shooty Hoops","Arizona",8,"G52"
"179","Shooty Hoops","Louisville",8,"G53"
"180","Shooty Hoops","Michigan St.",8,"G54"
"181","Shooty Hoops","Duke",8,"G55"
"182","Shooty Hoops","Gonzaga",8,"G56"
"183","Shooty Hoops","Kentucky",4,"G57"
"184","Shooty Hoops","Arizona",4,"G58"
"185","Shooty Hoops","Louisville",4,"G59"
"186","Shooty Hoops","Duke",4,"G60"
"187","Shooty Hoops","Kentucky",2,"G61"
"188","Shooty Hoops","Duke",2,"G62"
"189","Shooty Hoops","Kentucky",1,"G63"
"190","Brandon's Bold Bracket","Kentucky",32,"G1"
"191","Brandon's Bold Bracket","Cincinnati",32,"G2"
"192","Brandon's Bold Bracket","West Virginia",32,"G3"
"193","Brandon's Bold Bracket","Maryland",32,"G4"
"194","Brandon's Bold Bracket","Butler",32,"G5"
"195","Brandon's Bold Bracket","Notre Dame",32,"G6"
"196","Brandon's Bold Bracket","Indiana",32,"G7"
"197","Brandon's Bold Bracket","Kansas",32,"G8"
"198","Brandon's Bold Bracket","Wisconsin",32,"G9"
"199","Brandon's Bold Bracket","Oregon",32,"G10"
"200","Brandon's Bold Bracket","Arkansas",32,"G11"
"201","Brandon's Bold Bracket","N. Carolina",32,"G12"
"202","Brandon's Bold Bracket","Xavier",32,"G13"
"203","Brandon's Bold Bracket","Baylor",32,"G14"
"204","Brandon's Bold Bracket","VCU",32,"G15"
"205","Brandon's Bold Bracket","Arizona",32,"G16"
"206","Brandon's Bold Bracket","Villanova",32,"G17"
"207","Brandon's Bold Bracket","N.C. State",32,"G18"
"208","Brandon's Bold Bracket","Northern Iowa",32,"G19"
"209","Brandon's Bold Bracket","Louisville",32,"G20"
"210","Brandon's Bold Bracket","Providence",32,"G21"
"211","Brandon's Bold Bracket","Oklahoma",32,"G22"
"212","Brandon's Bold Bracket","Michigan St.",32,"G23"
"213","Brandon's Bold Bracket","Virginia",32,"G24"
"214","Brandon's Bold Bracket","Duke",32,"G25"
"215","Brandon's Bold Bracket","St. John's",32,"G26"
"216","Brandon's Bold Bracket","Utah",32,"G27"
"217","Brandon's Bold Bracket","Georgetown",32,"G28"
"218","Brandon's Bold Bracket","UCLA",32,"G29"
"219","Brandon's Bold Bracket","Iowa St.",32,"G30"
"220","Brandon's Bold Bracket","Iowa",32,"G31"
"221","Brandon's Bold Bracket","Gonzaga",32,"G32"
"222","Brandon's Bold Bracket","Kentucky",16,"G33"
"223","Brandon's Bold Bracket","Maryland",16,"G34"
"224","Brandon's Bold Bracket","Notre Dame",16,"G35"
"225","Brandon's Bold Bracket","Indiana",16,"G36"
"226","Brandon's Bold Bracket","Wisconsin",16,"G37"
"227","Brandon's Bold Bracket","N. Carolina",16,"G38"
"228","Brandon's Bold Bracket","Baylor",16,"G39"
"229","Brandon's Bold Bracket","Arizona",16,"G40"
"230","Brandon's Bold Bracket","Villanova",16,"G41"
"231","Brandon's Bold Bracket","Louisville",16,"G42"
"232","Brandon's Bold Bracket","Oklahoma",16,"G43"
"233","Brandon's Bold Bracket","Virginia",16,"G44"
"234","Brandon's Bold Bracket","Duke",16,"G45"
"235","Brandon's Bold Bracket","Georgetown",16,"G46"
"236","Brandon's Bold Bracket","UCLA",16,"G47"
"237","Brandon's Bold Bracket","Gonzaga",16,"G48"
"238","Brandon's Bold Bracket","Kentucky",8,"G49"
"239","Brandon's Bold Bracket","Notre Dame",8,"G50"
"240","Brandon's Bold Bracket","Wisconsin",8,"G51"
"241","Brandon's Bold Bracket","Baylor",8,"G52"
"242","Brandon's Bold Bracket","Louisville",8,"G53"
"243","Brandon's Bold Bracket","Virginia",8,"G54"
"244","Brandon's Bold Bracket","Duke",8,"G55"
"245","Brandon's Bold Bracket","Gonzaga",8,"G56"
"246","Brandon's Bold Bracket","Kentucky",4,"G57"
"247","Brandon's Bold Bracket","Wisconsin",4,"G58"
"248","Brandon's Bold Bracket","Virginia",4,"G59"
"249","Brandon's Bold Bracket","Duke",4,"G60"
"250","Brandon's Bold Bracket","Kentucky",2,"G61"
"251","Brandon's Bold Bracket","Duke",2,"G62"
"252","Brandon's Bold Bracket","Kentucky",1,"G63"
"253","The John Wall-Stars","Kentucky",32,"G1"
"254","The John Wall-Stars","Purdue",32,"G2"
"255","The John Wall-Stars","Buffalo",32,"G3"
"256","The John Wall-Stars","Maryland",32,"G4"
"257","The John Wall-Stars","Butler",32,"G5"
"258","The John Wall-Stars","Notre Dame",32,"G6"
"259","The John Wall-Stars","Wichita St.",32,"G7"
"260","The John Wall-Stars","Kansas",32,"G8"
"261","The John Wall-Stars","Wisconsin",32,"G9"
"262","The John Wall-Stars","Oregon",32,"G10"
"263","The John Wall-Stars","Arkansas",32,"G11"
"264","The John Wall-Stars","N. Carolina",32,"G12"
"265","The John Wall-Stars","Xavier",32,"G13"
"266","The John Wall-Stars","Baylor",32,"G14"
"267","The John Wall-Stars","Ohio St.",32,"G15"
"268","The John Wall-Stars","Arizona",32,"G16"
"269","The John Wall-Stars","Villanova",32,"G17"
"270","The John Wall-Stars","N.C. State",32,"G18"
"271","The John Wall-Stars","Northern Iowa",32,"G19"
"272","The John Wall-Stars","Louisville",32,"G20"
"273","The John Wall-Stars","Providence",32,"G21"
"274","The John Wall-Stars","Oklahoma",32,"G22"
"275","The John Wall-Stars","Michigan St.",32,"G23"
"276","The John Wall-Stars","Virginia",32,"G24"
"277","The John Wall-Stars","Duke",32,"G25"
"278","The John Wall-Stars","St. John's",32,"G26"
"279","The John Wall-Stars","Utah",32,"G27"
"280","The John Wall-Stars","Georgetown",32,"G28"
"281","The John Wall-Stars","SMU",32,"G29"
"282","The John Wall-Stars","Iowa St.",32,"G30"
"283","The John Wall-Stars","Iowa",32,"G31"
"284","The John Wall-Stars","Gonzaga",32,"G32"
"285","The John Wall-Stars","Kentucky",16,"G33"
"286","The John Wall-Stars","Maryland",16,"G34"
"287","The John Wall-Stars","Notre Dame",16,"G35"
"288","The John Wall-Stars","Wichita St.",16,"G36"
"289","The John Wall-Stars","Wisconsin",16,"G37"
"290","The John Wall-Stars","N. Carolina",16,"G38"
"291","The John Wall-Stars","Baylor",16,"G39"
"292","The John Wall-Stars","Arizona",16,"G40"
"293","The John Wall-Stars","Villanova",16,"G41"
"294","The John Wall-Stars","Northern Iowa",16,"G42"
"295","The John Wall-Stars","Oklahoma",16,"G43"
"296","The John Wall-Stars","Virginia",16,"G44"
"297","The John Wall-Stars","Duke",16,"G45"
"298","The John Wall-Stars","Utah",16,"G46"
"299","The John Wall-Stars","SMU",16,"G47"
"300","The John Wall-Stars","Gonzaga",16,"G48"
"301","The John Wall-Stars","Kentucky",8,"G49"
"302","The John Wall-Stars","Notre Dame",8,"G50"
"303","The John Wall-Stars","Wisconsin",8,"G51"
"304","The John Wall-Stars","Arizona",8,"G52"
"305","The John Wall-Stars","Villanova",8,"G53"
"306","The John Wall-Stars","Virginia",8,"G54"
"307","The John Wall-Stars","Duke",8,"G55"
"308","The John Wall-Stars","Gonzaga",8,"G56"
"309","The John Wall-Stars","Kentucky",4,"G57"
"310","The John Wall-Stars","Wisconsin",4,"G58"
"311","The John Wall-Stars","Villanova",4,"G59"
"312","The John Wall-Stars","Duke",4,"G60"
"313","The John Wall-Stars","Kentucky",2,"G61"
"314","The John Wall-Stars","Duke",2,"G62"
"315","The John Wall-Stars","Kentucky",1,"G63"
"316","Brackem Brackem Brackem Brack!","Kentucky",32,"G1"
"317","Brackem Brackem Brackem Brack!","Cincinnati",32,"G2"
"318","Brackem Brackem Brackem Brack!","West Virginia",32,"G3"
"319","Brackem Brackem Brackem Brack!","Maryland",32,"G4"
"320","Brackem Brackem Brackem Brack!","Texas",32,"G5"
"321","Brackem Brackem Brackem Brack!","Notre Dame",32,"G6"
"322","Brackem Brackem Brackem Brack!","Wichita St.",32,"G7"
"323","Brackem Brackem Brackem Brack!","Kansas",32,"G8"
"324","Brackem Brackem Brackem Brack!","Wisconsin",32,"G9"
"325","Brackem Brackem Brackem Brack!","Oklahoma St.",32,"G10"
"326","Brackem Brackem Brackem Brack!","Arkansas",32,"G11"
"327","Brackem Brackem Brackem Brack!","N. Carolina",32,"G12"
"328","Brackem Brackem Brackem Brack!","Xavier",32,"G13"
"329","Brackem Brackem Brackem Brack!","Georgia St.",32,"G14"
"330","Brackem Brackem Brackem Brack!","VCU",32,"G15"
"331","Brackem Brackem Brackem Brack!","Arizona",32,"G16"
"332","Brackem Brackem Brackem Brack!","Villanova",32,"G17"
"333","Brackem Brackem Brackem Brack!","N.C. State",32,"G18"
"334","Brackem Brackem Brackem Brack!","Northern Iowa",32,"G19"
"335","Brackem Brackem Brackem Brack!","Louisville",32,"G20"
"336","Brackem Brackem Brackem Brack!","Dayton",32,"G21"
"337","Brackem Brackem Brackem Brack!","Oklahoma",32,"G22"
"338","Brackem Brackem Brackem Brack!","Michigan St.",32,"G23"
"339","Brackem Brackem Brackem Brack!","Virginia",32,"G24"
"340","Brackem Brackem Brackem Brack!","Duke",32,"G25"
"341","Brackem Brackem Brackem Brack!","S. Diego St.",32,"G26"
"342","Brackem Brackem Brackem Brack!","Utah",32,"G27"
"343","Brackem Brackem Brackem Brack!","Georgetown",32,"G28"
"344","Brackem Brackem Brackem Brack!","UCLA",32,"G29"
"345","Brackem Brackem Brackem Brack!","Iowa St.",32,"G30"
"346","Brackem Brackem Brackem Brack!","Iowa",32,"G31"
"347","Brackem Brackem Brackem Brack!","Gonzaga",32,"G32"
"348","Brackem Brackem Brackem Brack!","Kentucky",16,"G33"
"349","Brackem Brackem Brackem Brack!","Maryland",16,"G34"
"350","Brackem Brackem Brackem Brack!","Notre Dame",16,"G35"
"351","Brackem Brackem Brackem Brack!","Kansas",16,"G36"
"352","Brackem Brackem Brackem Brack!","Wisconsin",16,"G37"
"353","Brackem Brackem Brackem Brack!","Arkansas",16,"G38"
"354","Brackem Brackem Brackem Brack!","Xavier",16,"G39"
"355","Brackem Brackem Brackem Brack!","Arizona",16,"G40"
"356","Brackem Brackem Brackem Brack!","Villanova",16,"G41"
"357","Brackem Brackem Brackem Brack!","Louisville",16,"G42"
"358","Brackem Brackem Brackem Brack!","Oklahoma",16,"G43"
"359","Brackem Brackem Brackem Brack!","Virginia",16,"G44"
"360","Brackem Brackem Brackem Brack!","Duke",16,"G45"
"361","Brackem Brackem Brackem Brack!","Utah",16,"G46"
"362","Brackem Brackem Brackem Brack!","UCLA",16,"G47"
"363","Brackem Brackem Brackem Brack!","Iowa",16,"G48"
"364","Brackem Brackem Brackem Brack!","Kentucky",8,"G49"
"365","Brackem Brackem Brackem Brack!","Notre Dame",8,"G50"
"366","Brackem Brackem Brackem Brack!","Wisconsin",8,"G51"
"367","Brackem Brackem Brackem Brack!","Arizona",8,"G52"
"368","Brackem Brackem Brackem Brack!","Villanova",8,"G53"
"369","Brackem Brackem Brackem Brack!","Virginia",8,"G54"
"370","Brackem Brackem Brackem Brack!","Duke",8,"G55"
"371","Brackem Brackem Brackem Brack!","Iowa",8,"G56"
"372","Brackem Brackem Brackem Brack!","Kentucky",4,"G57"
"373","Brackem Brackem Brackem Brack!","Wisconsin",4,"G58"
"374","Brackem Brackem Brackem Brack!","Villanova",4,"G59"
"375","Brackem Brackem Brackem Brack!","Duke",4,"G60"
"376","Brackem Brackem Brackem Brack!","Kentucky",2,"G61"
"377","Brackem Brackem Brackem Brack!","Villanova",2,"G62"
"378","Brackem Brackem Brackem Brack!","Kentucky",1,"G63"
"379","I Make Them Trimble With Fear","Kentucky",32,"G1"
"380","I Make Them Trimble With Fear","Purdue",32,"G2"
"381","I Make Them Trimble With Fear","West Virginia",32,"G3"
"382","I Make Them Trimble With Fear","Maryland",32,"G4"
"383","I Make Them Trimble With Fear","Texas",32,"G5"
"384","I Make Them Trimble With Fear","Notre Dame",32,"G6"
"385","I Make Them Trimble With Fear","Wichita St.",32,"G7"
"386","I Make Them Trimble With Fear","Kansas",32,"G8"
"387","I Make Them Trimble With Fear","Wisconsin",32,"G9"
"388","I Make Them Trimble With Fear","Oregon",32,"G10"
"389","I Make Them Trimble With Fear","Arkansas",32,"G11"
"390","I Make Them Trimble With Fear","N. Carolina",32,"G12"
"391","I Make Them Trimble With Fear","Mississippi",32,"G13"
"392","I Make Them Trimble With Fear","Baylor",32,"G14"
"393","I Make Them Trimble With Fear","Ohio St.",32,"G15"
"394","I Make Them Trimble With Fear","Arizona",32,"G16"
"395","I Make Them Trimble With Fear","Villanova",32,"G17"
"396","I Make Them Trimble With Fear","LSU",32,"G18"
"397","I Make Them Trimble With Fear","Northern Iowa",32,"G19"
"398","I Make Them Trimble With Fear","Louisville",32,"G20"
"399","I Make Them Trimble With Fear","Dayton",32,"G21"
"400","I Make Them Trimble With Fear","Oklahoma",32,"G22"
"401","I Make Them Trimble With Fear","Michigan St.",32,"G23"
"402","I Make Them Trimble With Fear","Virginia",32,"G24"
"403","I Make Them Trimble With Fear","Duke",32,"G25"
"404","I Make Them Trimble With Fear","St. John's",32,"G26"
"405","I Make Them Trimble With Fear","S.F. Austin",32,"G27"
"406","I Make Them Trimble With Fear","Eastern Wash.",32,"G28"
"407","I Make Them Trimble With Fear","SMU",32,"G29"
"408","I Make Them Trimble With Fear","Iowa St.",32,"G30"
"409","I Make Them Trimble With Fear","Iowa",32,"G31"
"410","I Make Them Trimble With Fear","Gonzaga",32,"G32"
"411","I Make Them Trimble With Fear","Kentucky",16,"G33"
"412","I Make Them Trimble With Fear","Maryland",16,"G34"
"413","I Make Them Trimble With Fear","Notre Dame",16,"G35"
"414","I Make Them Trimble With Fear","Kansas",16,"G36"
"415","I Make Them Trimble With Fear","Wisconsin",16,"G37"
"416","I Make Them Trimble With Fear","N. Carolina",16,"G38"
"417","I Make Them Trimble With Fear","Baylor",16,"G39"
"418","I Make Them Trimble With Fear","Arizona",16,"G40"
"419","I Make Them Trimble With Fear","Villanova",16,"G41"
"420","I Make Them Trimble With Fear","Louisville",16,"G42"
"421","I Make Them Trimble With Fear","Oklahoma",16,"G43"
"422","I Make Them Trimble With Fear","Virginia",16,"G44"
"423","I Make Them Trimble With Fear","Duke",16,"G45"
"424","I Make Them Trimble With Fear","S.F. Austin",16,"G46"
"425","I Make Them Trimble With Fear","SMU",16,"G47"
"426","I Make Them Trimble With Fear","Gonzaga",16,"G48"
"427","I Make Them Trimble With Fear","Kentucky",8,"G49"
"428","I Make Them Trimble With Fear","Notre Dame",8,"G50"
"429","I Make Them Trimble With Fear","Wisconsin",8,"G51"
"430","I Make Them Trimble With Fear","Arizona",8,"G52"
"431","I Make Them Trimble With Fear","Louisville",8,"G53"
"432","I Make Them Trimble With Fear","Virginia",8,"G54"
"433","I Make Them Trimble With Fear","Duke",8,"G55"
"434","I Make Them Trimble With Fear","SMU",8,"G56"
"435","I Make Them Trimble With Fear","Kentucky",4,"G57"
"436","I Make Them Trimble With Fear","Wisconsin",4,"G58"
"437","I Make Them Trimble With Fear","Virginia",4,"G59"
"438","I Make Them Trimble With Fear","Duke",4,"G60"
"439","I Make Them Trimble With Fear","Kentucky",2,"G61"
"440","I Make Them Trimble With Fear","Duke",2,"G62"
"441","I Make Them Trimble With Fear","Kentucky",1,"G63"
"442","Patches O'Houlihan","Kentucky",32,"G1"
"443","Patches O'Houlihan","Purdue",32,"G2"
"444","Patches O'Houlihan","Buffalo",32,"G3"
"445","Patches O'Houlihan","Maryland",32,"G4"
"446","Patches O'Houlihan","Texas",32,"G5"
"447","Patches O'Houlihan","Notre Dame",32,"G6"
"448","Patches O'Houlihan","Indiana",32,"G7"
"449","Patches O'Houlihan","Kansas",32,"G8"
"450","Patches O'Houlihan","Wisconsin",32,"G9"
"451","Patches O'Houlihan","Oregon",32,"G10"
"452","Patches O'Houlihan","Arkansas",32,"G11"
"453","Patches O'Houlihan","N. Carolina",32,"G12"
"454","Patches O'Houlihan","Xavier",32,"G13"
"455","Patches O'Houlihan","Baylor",32,"G14"
"456","Patches O'Houlihan","Ohio St.",32,"G15"
"457","Patches O'Houlihan","Arizona",32,"G16"
"458","Patches O'Houlihan","Villanova",32,"G17"
"459","Patches O'Houlihan","N.C. State",32,"G18"
"460","Patches O'Houlihan","Northern Iowa",32,"G19"
"461","Patches O'Houlihan","Louisville",32,"G20"
"462","Patches O'Houlihan","Dayton",32,"G21"
"463","Patches O'Houlihan","Oklahoma",32,"G22"
"464","Patches O'Houlihan","Michigan St.",32,"G23"
"465","Patches O'Houlihan","Virginia",32,"G24"
"466","Patches O'Houlihan","Duke",32,"G25"
"467","Patches O'Houlihan","S. Diego St.",32,"G26"
"468","Patches O'Houlihan","S.F. Austin",32,"G27"
"469","Patches O'Houlihan","Georgetown",32,"G28"
"470","Patches O'Houlihan","UCLA",32,"G29"
"471","Patches O'Houlihan","Iowa St.",32,"G30"
"472","Patches O'Houlihan","Davidson",32,"G31"
"473","Patches O'Houlihan","Gonzaga",32,"G32"
"474","Patches O'Houlihan","Kentucky",16,"G33"
"475","Patches O'Houlihan","Maryland",16,"G34"
"476","Patches O'Houlihan","Notre Dame",16,"G35"
"477","Patches O'Houlihan","Indiana",16,"G36"
"478","Patches O'Houlihan","Wisconsin",16,"G37"
"479","Patches O'Houlihan","N. Carolina",16,"G38"
"480","Patches O'Houlihan","Baylor",16,"G39"
"481","Patches O'Houlihan","Arizona",16,"G40"
"482","Patches O'Houlihan","Villanova",16,"G41"
"483","Patches O'Houlihan","Louisville",16,"G42"
"484","Patches O'Houlihan","Oklahoma",16,"G43"
"485","Patches O'Houlihan","Michigan St.",16,"G44"
"486","Patches O'Houlihan","Duke",16,"G45"
"487","Patches O'Houlihan","S.F. Austin",16,"G46"
"488","Patches O'Houlihan","Iowa St.",16,"G47"
"489","Patches O'Houlihan","Gonzaga",16,"G48"
"490","Patches O'Houlihan","Kentucky",8,"G49"
"491","Patches O'Houlihan","Notre Dame",8,"G50"
"492","Patches O'Houlihan","Wisconsin",8,"G51"
"493","Patches O'Houlihan","Arizona",8,"G52"
"494","Patches O'Houlihan","Villanova",8,"G53"
"495","Patches O'Houlihan","Michigan St.",8,"G54"
"496","Patches O'Houlihan","Duke",8,"G55"
"497","Patches O'Houlihan","Gonzaga",8,"G56"
"498","Patches O'Houlihan","Kentucky",4,"G57"
"499","Patches O'Houlihan","Arizona",4,"G58"
"500","Patches O'Houlihan","Villanova",4,"G59"
"501","Patches O'Houlihan","Duke",4,"G60"
"502","Patches O'Houlihan","Kentucky",2,"G61"
"503","Patches O'Houlihan","Duke",2,"G62"
"504","Patches O'Houlihan","Kentucky",1,"G63"
"505","YAS KWEEN","Kentucky",32,"G1"
"506","YAS KWEEN","Purdue",32,"G2"
"507","YAS KWEEN","West Virginia",32,"G3"
"508","YAS KWEEN","Maryland",32,"G4"
"509","YAS KWEEN","Butler",32,"G5"
"510","YAS KWEEN","Notre Dame",32,"G6"
"511","YAS KWEEN","Indiana",32,"G7"
"512","YAS KWEEN","Kansas",32,"G8"
"513","YAS KWEEN","Wisconsin",32,"G9"
"514","YAS KWEEN","Oregon",32,"G10"
"515","YAS KWEEN","Arkansas",32,"G11"
"516","YAS KWEEN","N. Carolina",32,"G12"
"517","YAS KWEEN","Xavier",32,"G13"
"518","YAS KWEEN","Baylor",32,"G14"
"519","YAS KWEEN","VCU",32,"G15"
"520","YAS KWEEN","Arizona",32,"G16"
"521","YAS KWEEN","Villanova",32,"G17"
"522","YAS KWEEN","N.C. State",32,"G18"
"523","YAS KWEEN","Northern Iowa",32,"G19"
"524","YAS KWEEN","Louisville",32,"G20"
"525","YAS KWEEN","Providence",32,"G21"
"526","YAS KWEEN","Oklahoma",32,"G22"
"527","YAS KWEEN","Michigan St.",32,"G23"
"528","YAS KWEEN","Virginia",32,"G24"
"529","YAS KWEEN","Duke",32,"G25"
"530","YAS KWEEN","S. Diego St.",32,"G26"
"531","YAS KWEEN","Utah",32,"G27"
"532","YAS KWEEN","Georgetown",32,"G28"
"533","YAS KWEEN","SMU",32,"G29"
"534","YAS KWEEN","Iowa St.",32,"G30"
"535","YAS KWEEN","Iowa",32,"G31"
"536","YAS KWEEN","Gonzaga",32,"G32"
"537","YAS KWEEN","Kentucky",16,"G33"
"538","YAS KWEEN","Maryland",16,"G34"
"539","YAS KWEEN","Butler",16,"G35"
"540","YAS KWEEN","Kansas",16,"G36"
"541","YAS KWEEN","Wisconsin",16,"G37"
"542","YAS KWEEN","N. Carolina",16,"G38"
"543","YAS KWEEN","Baylor",16,"G39"
"544","YAS KWEEN","Arizona",16,"G40"
"545","YAS KWEEN","Villanova",16,"G41"
"546","YAS KWEEN","Louisville",16,"G42"
"547","YAS KWEEN","Oklahoma",16,"G43"
"548","YAS KWEEN","Virginia",16,"G44"
"549","YAS KWEEN","Duke",16,"G45"
"550","YAS KWEEN","Utah",16,"G46"
"551","YAS KWEEN","Iowa St.",16,"G47"
"552","YAS KWEEN","Gonzaga",16,"G48"
"553","YAS KWEEN","Kentucky",8,"G49"
"554","YAS KWEEN","Kansas",8,"G50"
"555","YAS KWEEN","Wisconsin",8,"G51"
"556","YAS KWEEN","Arizona",8,"G52"
"557","YAS KWEEN","Villanova",8,"G53"
"558","YAS KWEEN","Virginia",8,"G54"
"559","YAS KWEEN","Duke",8,"G55"
"560","YAS KWEEN","Gonzaga",8,"G56"
"561","YAS KWEEN","Kentucky",4,"G57"
"562","YAS KWEEN","Wisconsin",4,"G58"
"563","YAS KWEEN","Virginia",4,"G59"
"564","YAS KWEEN","Gonzaga",4,"G60"
"565","YAS KWEEN","Wisconsin",2,"G61"
"566","YAS KWEEN","Gonzaga",2,"G62"
"567","YAS KWEEN","Wisconsin",1,"G63"
"568","Nicckkkkkkennnnnnnns!!!!!","Kentucky",32,"G1"
"569","Nicckkkkkkennnnnnnns!!!!!","Purdue",32,"G2"
"570","Nicckkkkkkennnnnnnns!!!!!","West Virginia",32,"G3"
"571","Nicckkkkkkennnnnnnns!!!!!","Maryland",32,"G4"
"572","Nicckkkkkkennnnnnnns!!!!!","Butler",32,"G5"
"573","Nicckkkkkkennnnnnnns!!!!!","Notre Dame",32,"G6"
"574","Nicckkkkkkennnnnnnns!!!!!","Wichita St.",32,"G7"
"575","Nicckkkkkkennnnnnnns!!!!!","Kansas",32,"G8"
"576","Nicckkkkkkennnnnnnns!!!!!","Wisconsin",32,"G9"
"577","Nicckkkkkkennnnnnnns!!!!!","Oklahoma St.",32,"G10"
"578","Nicckkkkkkennnnnnnns!!!!!","Arkansas",32,"G11"
"579","Nicckkkkkkennnnnnnns!!!!!","N. Carolina",32,"G12"
"580","Nicckkkkkkennnnnnnns!!!!!","Mississippi",32,"G13"
"581","Nicckkkkkkennnnnnnns!!!!!","Baylor",32,"G14"
"582","Nicckkkkkkennnnnnnns!!!!!","Ohio St.",32,"G15"
"583","Nicckkkkkkennnnnnnns!!!!!","Arizona",32,"G16"
"584","Nicckkkkkkennnnnnnns!!!!!","Villanova",32,"G17"
"585","Nicckkkkkkennnnnnnns!!!!!","N.C. State",32,"G18"
"586","Nicckkkkkkennnnnnnns!!!!!","Northern Iowa",32,"G19"
"587","Nicckkkkkkennnnnnnns!!!!!","Louisville",32,"G20"
"588","Nicckkkkkkennnnnnnns!!!!!","Providence",32,"G21"
"589","Nicckkkkkkennnnnnnns!!!!!","Oklahoma",32,"G22"
"590","Nicckkkkkkennnnnnnns!!!!!","Michigan St.",32,"G23"
"591","Nicckkkkkkennnnnnnns!!!!!","Virginia",32,"G24"
"592","Nicckkkkkkennnnnnnns!!!!!","Duke",32,"G25"
"593","Nicckkkkkkennnnnnnns!!!!!","S. Diego St.",32,"G26"
"594","Nicckkkkkkennnnnnnns!!!!!","S.F. Austin",32,"G27"
"595","Nicckkkkkkennnnnnnns!!!!!","Georgetown",32,"G28"
"596","Nicckkkkkkennnnnnnns!!!!!","UCLA",32,"G29"
"597","Nicckkkkkkennnnnnnns!!!!!","Iowa St.",32,"G30"
"598","Nicckkkkkkennnnnnnns!!!!!","Davidson",32,"G31"
"599","Nicckkkkkkennnnnnnns!!!!!","Gonzaga",32,"G32"
"600","Nicckkkkkkennnnnnnns!!!!!","Kentucky",16,"G33"
"601","Nicckkkkkkennnnnnnns!!!!!","Maryland",16,"G34"
"602","Nicckkkkkkennnnnnnns!!!!!","Notre Dame",16,"G35"
"603","Nicckkkkkkennnnnnnns!!!!!","Wichita St.",16,"G36"
"604","Nicckkkkkkennnnnnnns!!!!!","Wisconsin",16,"G37"
"605","Nicckkkkkkennnnnnnns!!!!!","N. Carolina",16,"G38"
"606","Nicckkkkkkennnnnnnns!!!!!","Baylor",16,"G39"
"607","Nicckkkkkkennnnnnnns!!!!!","Arizona",16,"G40"
"608","Nicckkkkkkennnnnnnns!!!!!","Villanova",16,"G41"
"609","Nicckkkkkkennnnnnnns!!!!!","Louisville",16,"G42"
"610","Nicckkkkkkennnnnnnns!!!!!","Oklahoma",16,"G43"
"611","Nicckkkkkkennnnnnnns!!!!!","Michigan St.",16,"G44"
"612","Nicckkkkkkennnnnnnns!!!!!","Duke",16,"G45"
"613","Nicckkkkkkennnnnnnns!!!!!","S.F. Austin",16,"G46"
"614","Nicckkkkkkennnnnnnns!!!!!","Iowa St.",16,"G47"
"615","Nicckkkkkkennnnnnnns!!!!!","Gonzaga",16,"G48"
"616","Nicckkkkkkennnnnnnns!!!!!","Kentucky",8,"G49"
"617","Nicckkkkkkennnnnnnns!!!!!","Notre Dame",8,"G50"
"618","Nicckkkkkkennnnnnnns!!!!!","N. Carolina",8,"G51"
"619","Nicckkkkkkennnnnnnns!!!!!","Arizona",8,"G52"
"620","Nicckkkkkkennnnnnnns!!!!!","Villanova",8,"G53"
"621","Nicckkkkkkennnnnnnns!!!!!","Michigan St.",8,"G54"
"622","Nicckkkkkkennnnnnnns!!!!!","Duke",8,"G55"
"623","Nicckkkkkkennnnnnnns!!!!!","Gonzaga",8,"G56"
"624","Nicckkkkkkennnnnnnns!!!!!","Kentucky",4,"G57"
"625","Nicckkkkkkennnnnnnns!!!!!","Arizona",4,"G58"
"626","Nicckkkkkkennnnnnnns!!!!!","Villanova",4,"G59"
"627","Nicckkkkkkennnnnnnns!!!!!","Gonzaga",4,"G60"
"628","Nicckkkkkkennnnnnnns!!!!!","Kentucky",2,"G61"
"629","Nicckkkkkkennnnnnnns!!!!!","Villanova",2,"G62"
"630","Nicckkkkkkennnnnnnns!!!!!","Kentucky",1,"G63"
"631","Chalupa Batman's Bracket","Kentucky",32,"G1"
"632","Chalupa Batman's Bracket","Purdue",32,"G2"
"633","Chalupa Batman's Bracket","Buffalo",32,"G3"
"634","Chalupa Batman's Bracket","Maryland",32,"G4"
"635","Chalupa Batman's Bracket","Butler",32,"G5"
"636","Chalupa Batman's Bracket","Notre Dame",32,"G6"
"637","Chalupa Batman's Bracket","Wichita St.",32,"G7"
"638","Chalupa Batman's Bracket","Kansas",32,"G8"
"639","Chalupa Batman's Bracket","Wisconsin",32,"G9"
"640","Chalupa Batman's Bracket","Oregon",32,"G10"
"641","Chalupa Batman's Bracket","Arkansas",32,"G11"
"642","Chalupa Batman's Bracket","N. Carolina",32,"G12"
"643","Chalupa Batman's Bracket","Xavier",32,"G13"
"644","Chalupa Batman's Bracket","Baylor",32,"G14"
"645","Chalupa Batman's Bracket","Ohio St.",32,"G15"
"646","Chalupa Batman's Bracket","Arizona",32,"G16"
"647","Chalupa Batman's Bracket","Villanova",32,"G17"
"648","Chalupa Batman's Bracket","N.C. State",32,"G18"
"649","Chalupa Batman's Bracket","Northern Iowa",32,"G19"
"650","Chalupa Batman's Bracket","Louisville",32,"G20"
"651","Chalupa Batman's Bracket","Providence",32,"G21"
"652","Chalupa Batman's Bracket","Oklahoma",32,"G22"
"653","Chalupa Batman's Bracket","Michigan St.",32,"G23"
"654","Chalupa Batman's Bracket","Virginia",32,"G24"
"655","Chalupa Batman's Bracket","Duke",32,"G25"
"656","Chalupa Batman's Bracket","S. Diego St.",32,"G26"
"657","Chalupa Batman's Bracket","Utah",32,"G27"
"658","Chalupa Batman's Bracket","Georgetown",32,"G28"
"659","Chalupa Batman's Bracket","SMU",32,"G29"
"660","Chalupa Batman's Bracket","Iowa St.",32,"G30"
"661","Chalupa Batman's Bracket","Iowa",32,"G31"
"662","Chalupa Batman's Bracket","Gonzaga",32,"G32"
"663","Chalupa Batman's Bracket","Kentucky",16,"G33"
"664","Chalupa Batman's Bracket","Maryland",16,"G34"
"665","Chalupa Batman's Bracket","Notre Dame",16,"G35"
"666","Chalupa Batman's Bracket","Kansas",16,"G36"
"667","Chalupa Batman's Bracket","Wisconsin",16,"G37"
"668","Chalupa Batman's Bracket","N. Carolina",16,"G38"
"669","Chalupa Batman's Bracket","Baylor",16,"G39"
"670","Chalupa Batman's Bracket","Arizona",16,"G40"
"671","Chalupa Batman's Bracket","Villanova",16,"G41"
"672","Chalupa Batman's Bracket","Louisville",16,"G42"
"673","Chalupa Batman's Bracket","Oklahoma",16,"G43"
"674","Chalupa Batman's Bracket","Virginia",16,"G44"
"675","Chalupa Batman's Bracket","Duke",16,"G45"
"676","Chalupa Batman's Bracket","Utah",16,"G46"
"677","Chalupa Batman's Bracket","Iowa St.",16,"G47"
"678","Chalupa Batman's Bracket","Gonzaga",16,"G48"
"679","Chalupa Batman's Bracket","Kentucky",8,"G49"
"680","Chalupa Batman's Bracket","Notre Dame",8,"G50"
"681","Chalupa Batman's Bracket","Wisconsin",8,"G51"
"682","Chalupa Batman's Bracket","Arizona",8,"G52"
"683","Chalupa Batman's Bracket","Villanova",8,"G53"
"684","Chalupa Batman's Bracket","Virginia",8,"G54"
"685","Chalupa Batman's Bracket","Duke",8,"G55"
"686","Chalupa Batman's Bracket","Gonzaga",8,"G56"
"687","Chalupa Batman's Bracket","Kentucky",4,"G57"
"688","Chalupa Batman's Bracket","Arizona",4,"G58"
"689","Chalupa Batman's Bracket","Virginia",4,"G59"
"690","Chalupa Batman's Bracket","Gonzaga",4,"G60"
"691","Chalupa Batman's Bracket","Kentucky",2,"G61"
"692","Chalupa Batman's Bracket","Virginia",2,"G62"
"693","Chalupa Batman's Bracket","Kentucky",1,"G63"
"694","GQ's Groovy Bracket","Kentucky",32,"G1"
"695","GQ's Groovy Bracket","Purdue",32,"G2"
"696","GQ's Groovy Bracket","West Virginia",32,"G3"
"697","GQ's Groovy Bracket","Maryland",32,"G4"
"698","GQ's Groovy Bracket","Butler",32,"G5"
"699","GQ's Groovy Bracket","Notre Dame",32,"G6"
"700","GQ's Groovy Bracket","Wichita St.",32,"G7"
"701","GQ's Groovy Bracket","Kansas",32,"G8"
"702","GQ's Groovy Bracket","Wisconsin",32,"G9"
"703","GQ's Groovy Bracket","Oregon",32,"G10"
"704","GQ's Groovy Bracket","Arkansas",32,"G11"
"705","GQ's Groovy Bracket","N. Carolina",32,"G12"
"706","GQ's Groovy Bracket","Mississippi",32,"G13"
"707","GQ's Groovy Bracket","Baylor",32,"G14"
"708","GQ's Groovy Bracket","Ohio St.",32,"G15"
"709","GQ's Groovy Bracket","Arizona",32,"G16"
"710","GQ's Groovy Bracket","Villanova",32,"G17"
"711","GQ's Groovy Bracket","N.C. State",32,"G18"
"712","GQ's Groovy Bracket","Northern Iowa",32,"G19"
"713","GQ's Groovy Bracket","Louisville",32,"G20"
"714","GQ's Groovy Bracket","Providence",32,"G21"
"715","GQ's Groovy Bracket","Oklahoma",32,"G22"
"716","GQ's Groovy Bracket","Michigan St.",32,"G23"
"717","GQ's Groovy Bracket","Virginia",32,"G24"
"718","GQ's Groovy Bracket","Duke",32,"G25"
"719","GQ's Groovy Bracket","S. Diego St.",32,"G26"
"720","GQ's Groovy Bracket","S.F. Austin",32,"G27"
"721","GQ's Groovy Bracket","Georgetown",32,"G28"
"722","GQ's Groovy Bracket","SMU",32,"G29"
"723","GQ's Groovy Bracket","Iowa St.",32,"G30"
"724","GQ's Groovy Bracket","Davidson",32,"G31"
"725","GQ's Groovy Bracket","Gonzaga",32,"G32"
"726","GQ's Groovy Bracket","Kentucky",16,"G33"
"727","GQ's Groovy Bracket","Maryland",16,"G34"
"728","GQ's Groovy Bracket","Notre Dame",16,"G35"
"729","GQ's Groovy Bracket","Kansas",16,"G36"
"730","GQ's Groovy Bracket","Wisconsin",16,"G37"
"731","GQ's Groovy Bracket","N. Carolina",16,"G38"
"732","GQ's Groovy Bracket","Baylor",16,"G39"
"733","GQ's Groovy Bracket","Arizona",16,"G40"
"734","GQ's Groovy Bracket","Villanova",16,"G41"
"735","GQ's Groovy Bracket","Louisville",16,"G42"
"736","GQ's Groovy Bracket","Oklahoma",16,"G43"
"737","GQ's Groovy Bracket","Michigan St.",16,"G44"
"738","GQ's Groovy Bracket","Duke",16,"G45"
"739","GQ's Groovy Bracket","Georgetown",16,"G46"
"740","GQ's Groovy Bracket","Iowa St.",16,"G47"
"741","GQ's Groovy Bracket","Gonzaga",16,"G48"
"742","GQ's Groovy Bracket","Kentucky",8,"G49"
"743","GQ's Groovy Bracket","Notre Dame",8,"G50"
"744","GQ's Groovy Bracket","Wisconsin",8,"G51"
"745","GQ's Groovy Bracket","Arizona",8,"G52"
"746","GQ's Groovy Bracket","Villanova",8,"G53"
"747","GQ's Groovy Bracket","Oklahoma",8,"G54"
"748","GQ's Groovy Bracket","Duke",8,"G55"
"749","GQ's Groovy Bracket","Gonzaga",8,"G56"
"750","GQ's Groovy Bracket","Kentucky",4,"G57"
"751","GQ's Groovy Bracket","Arizona",4,"G58"
"752","GQ's Groovy Bracket","Villanova",4,"G59"
"753","GQ's Groovy Bracket","Gonzaga",4,"G60"
"754","GQ's Groovy Bracket","Kentucky",2,"G61"
"755","GQ's Groovy Bracket","Gonzaga",2,"G62"
"756","GQ's Groovy Bracket","Kentucky",1,"G63"
"757","Butt Thunder","Kentucky",32,"G1"
"758","Butt Thunder","Purdue",32,"G2"
"759","Butt Thunder","West Virginia",32,"G3"
"760","Butt Thunder","Maryland",32,"G4"
"761","Butt Thunder","Texas",32,"G5"
"762","Butt Thunder","Notre Dame",32,"G6"
"763","Butt Thunder","Wichita St.",32,"G7"
"764","Butt Thunder","Kansas",32,"G8"
"765","Butt Thunder","Wisconsin",32,"G9"
"766","Butt Thunder","Oregon",32,"G10"
"767","Butt Thunder","Arkansas",32,"G11"
"768","Butt Thunder","N. Carolina",32,"G12"
"769","Butt Thunder","Mississippi",32,"G13"
"770","Butt Thunder","Baylor",32,"G14"
"771","Butt Thunder","Ohio St.",32,"G15"
"772","Butt Thunder","Arizona",32,"G16"
"773","Butt Thunder","Villanova",32,"G17"
"774","Butt Thunder","N.C. State",32,"G18"
"775","Butt Thunder","Northern Iowa",32,"G19"
"776","Butt Thunder","Louisville",32,"G20"
"777","Butt Thunder","Dayton",32,"G21"
"778","Butt Thunder","Oklahoma",32,"G22"
"779","Butt Thunder","Michigan St.",32,"G23"
"780","Butt Thunder","Virginia",32,"G24"
"781","Butt Thunder","Duke",32,"G25"
"782","Butt Thunder","S. Diego St.",32,"G26"
"783","Butt Thunder","S.F. Austin",32,"G27"
"784","Butt Thunder","Georgetown",32,"G28"
"785","Butt Thunder","SMU",32,"G29"
"786","Butt Thunder","Iowa St.",32,"G30"
"787","Butt Thunder","Davidson",32,"G31"
"788","Butt Thunder","Gonzaga",32,"G32"
"789","Butt Thunder","Kentucky",16,"G33"
"790","Butt Thunder","Maryland",16,"G34"
"791","Butt Thunder","Notre Dame",16,"G35"
"792","Butt Thunder","Kansas",16,"G36"
"793","Butt Thunder","Wisconsin",16,"G37"
"794","Butt Thunder","N. Carolina",16,"G38"
"795","Butt Thunder","Baylor",16,"G39"
"796","Butt Thunder","Arizona",16,"G40"
"797","Butt Thunder","Villanova",16,"G41"
"798","Butt Thunder","Louisville",16,"G42"
"799","Butt Thunder","Oklahoma",16,"G43"
"800","Butt Thunder","Michigan St.",16,"G44"
"801","Butt Thunder","Duke",16,"G45"
"802","Butt Thunder","Georgetown",16,"G46"
"803","Butt Thunder","Iowa St.",16,"G47"
"804","Butt Thunder","Gonzaga",16,"G48"
"805","Butt Thunder","Kentucky",8,"G49"
"806","Butt Thunder","Notre Dame",8,"G50"
"807","Butt Thunder","N. Carolina",8,"G51"
"808","Butt Thunder","Arizona",8,"G52"
"809","Butt Thunder","Louisville",8,"G53"
"810","Butt Thunder","Michigan St.",8,"G54"
"811","Butt Thunder","Duke",8,"G55"
"812","Butt Thunder","Iowa St.",8,"G56"
"813","Butt Thunder","Kentucky",4,"G57"
"814","Butt Thunder","Arizona",4,"G58"
"815","Butt Thunder","Louisville",4,"G59"
"816","Butt Thunder","Duke",4,"G60"
"817","Butt Thunder","Kentucky",2,"G61"
"818","Butt Thunder","Duke",2,"G62"
"819","Butt Thunder","Kentucky",1,"G63"
"820","scott's Official Bracket","Kentucky",32,"G1"
"821","scott's Official Bracket","Purdue",32,"G2"
"822","scott's Official Bracket","Buffalo",32,"G3"
"823","scott's Official Bracket","Maryland",32,"G4"
"824","scott's Official Bracket","Butler",32,"G5"
"825","scott's Official Bracket","Notre Dame",32,"G6"
"826","scott's Official Bracket","Wichita St.",32,"G7"
"827","scott's Official Bracket","Kansas",32,"G8"
"828","scott's Official Bracket","Wisconsin",32,"G9"
"829","scott's Official Bracket","Oregon",32,"G10"
"830","scott's Official Bracket","Arkansas",32,"G11"
"831","scott's Official Bracket","N. Carolina",32,"G12"
"832","scott's Official Bracket","Mississippi",32,"G13"
"833","scott's Official Bracket","Baylor",32,"G14"
"834","scott's Official Bracket","Ohio St.",32,"G15"
"835","scott's Official Bracket","Arizona",32,"G16"
"836","scott's Official Bracket","Villanova",32,"G17"
"837","scott's Official Bracket","LSU",32,"G18"
"838","scott's Official Bracket","Wyoming",32,"G19"
"839","scott's Official Bracket","Louisville",32,"G20"
"840","scott's Official Bracket","Providence",32,"G21"
"841","scott's Official Bracket","Albany",32,"G22"
"842","scott's Official Bracket","Michigan St.",32,"G23"
"843","scott's Official Bracket","Virginia",32,"G24"
"844","scott's Official Bracket","Duke",32,"G25"
"845","scott's Official Bracket","S. Diego St.",32,"G26"
"846","scott's Official Bracket","Utah",32,"G27"
"847","scott's Official Bracket","Georgetown",32,"G28"
"848","scott's Official Bracket","SMU",32,"G29"
"849","scott's Official Bracket","Iowa St.",32,"G30"
"850","scott's Official Bracket","Iowa",32,"G31"
"851","scott's Official Bracket","Gonzaga",32,"G32"
"852","scott's Official Bracket","Kentucky",16,"G33"
"853","scott's Official Bracket","Maryland",16,"G34"
"854","scott's Official Bracket","Notre Dame",16,"G35"
"855","scott's Official Bracket","Wichita St.",16,"G36"
"856","scott's Official Bracket","Wisconsin",16,"G37"
"857","scott's Official Bracket","N. Carolina",16,"G38"
"858","scott's Official Bracket","Baylor",16,"G39"
"859","scott's Official Bracket","Arizona",16,"G40"
"860","scott's Official Bracket","Villanova",16,"G41"
"861","scott's Official Bracket","Wyoming",16,"G42"
"862","scott's Official Bracket","Providence",16,"G43"
"863","scott's Official Bracket","Michigan St.",16,"G44"
"864","scott's Official Bracket","Duke",16,"G45"
"865","scott's Official Bracket","Utah",16,"G46"
"866","scott's Official Bracket","Iowa St.",16,"G47"
"867","scott's Official Bracket","Gonzaga",16,"G48"
"868","scott's Official Bracket","Kentucky",8,"G49"
"869","scott's Official Bracket","Wichita St.",8,"G50"
"870","scott's Official Bracket","Wisconsin",8,"G51"
"871","scott's Official Bracket","Arizona",8,"G52"
"872","scott's Official Bracket","Villanova",8,"G53"
"873","scott's Official Bracket","Michigan St.",8,"G54"
"874","scott's Official Bracket","Utah",8,"G55"
"875","scott's Official Bracket","Iowa St.",8,"G56"
"876","scott's Official Bracket","Kentucky",4,"G57"
"877","scott's Official Bracket","Wisconsin",4,"G58"
"878","scott's Official Bracket","Villanova",4,"G59"
"879","scott's Official Bracket","Iowa St.",4,"G60"
"880","scott's Official Bracket","Kentucky",2,"G61"
"881","scott's Official Bracket","Iowa St.",2,"G62"
"882","scott's Official Bracket","Kentucky",1,"G63"
"883","paul's Astonishing Bracket","Kentucky",32,"G1"
"884","paul's Astonishing Bracket","Cincinnati",32,"G2"
"885","paul's Astonishing Bracket","West Virginia",32,"G3"
"886","paul's Astonishing Bracket","Maryland",32,"G4"
"887","paul's Astonishing Bracket","Butler",32,"G5"
"888","paul's Astonishing Bracket","Notre Dame",32,"G6"
"889","paul's Astonishing Bracket","Wichita St.",32,"G7"
"890","paul's Astonishing Bracket","Kansas",32,"G8"
"891","paul's Astonishing Bracket","Wisconsin",32,"G9"
"892","paul's Astonishing Bracket","Oklahoma St.",32,"G10"
"893","paul's Astonishing Bracket","Arkansas",32,"G11"
"894","paul's Astonishing Bracket","N. Carolina",32,"G12"
"895","paul's Astonishing Bracket","Mississippi",32,"G13"
"896","paul's Astonishing Bracket","Baylor",32,"G14"
"897","paul's Astonishing Bracket","Ohio St.",32,"G15"
"898","paul's Astonishing Bracket","Arizona",32,"G16"
"899","paul's Astonishing Bracket","Villanova",32,"G17"
"900","paul's Astonishing Bracket","N.C. State",32,"G18"
"901","paul's Astonishing Bracket","Northern Iowa",32,"G19"
"902","paul's Astonishing Bracket","Louisville",32,"G20"
"903","paul's Astonishing Bracket","Providence",32,"G21"
"904","paul's Astonishing Bracket","Oklahoma",32,"G22"
"905","paul's Astonishing Bracket","Michigan St.",32,"G23"
"906","paul's Astonishing Bracket","Virginia",32,"G24"
"907","paul's Astonishing Bracket","Duke",32,"G25"
"908","paul's Astonishing Bracket","St. John's",32,"G26"
"909","paul's Astonishing Bracket","Utah",32,"G27"
"910","paul's Astonishing Bracket","Georgetown",32,"G28"
"911","paul's Astonishing Bracket","SMU",32,"G29"
"912","paul's Astonishing Bracket","Iowa St.",32,"G30"
"913","paul's Astonishing Bracket","Iowa",32,"G31"
"914","paul's Astonishing Bracket","Gonzaga",32,"G32"
"915","paul's Astonishing Bracket","Kentucky",16,"G33"
"916","paul's Astonishing Bracket","Maryland",16,"G34"
"917","paul's Astonishing Bracket","Butler",16,"G35"
"918","paul's Astonishing Bracket","Kansas",16,"G36"
"919","paul's Astonishing Bracket","Wisconsin",16,"G37"
"920","paul's Astonishing Bracket","N. Carolina",16,"G38"
"921","paul's Astonishing Bracket","Baylor",16,"G39"
"922","paul's Astonishing Bracket","Arizona",16,"G40"
"923","paul's Astonishing Bracket","Villanova",16,"G41"
"924","paul's Astonishing Bracket","Louisville",16,"G42"
"925","paul's Astonishing Bracket","Oklahoma",16,"G43"
"926","paul's Astonishing Bracket","Virginia",16,"G44"
"927","paul's Astonishing Bracket","Duke",16,"G45"
"928","paul's Astonishing Bracket","Georgetown",16,"G46"
"929","paul's Astonishing Bracket","Iowa St.",16,"G47"
"930","paul's Astonishing Bracket","Gonzaga",16,"G48"
"931","paul's Astonishing Bracket","Kentucky",8,"G49"
"932","paul's Astonishing Bracket","Butler",8,"G50"
"933","paul's Astonishing Bracket","Wisconsin",8,"G51"
"934","paul's Astonishing Bracket","Baylor",8,"G52"
"935","paul's Astonishing Bracket","Villanova",8,"G53"
"936","paul's Astonishing Bracket","Oklahoma",8,"G54"
"937","paul's Astonishing Bracket","Duke",8,"G55"
"938","paul's Astonishing Bracket","Gonzaga",8,"G56"
"939","paul's Astonishing Bracket","Kentucky",4,"G57"
"940","paul's Astonishing Bracket","Wisconsin",4,"G58"
"941","paul's Astonishing Bracket","Villanova",4,"G59"
"942","paul's Astonishing Bracket","Duke",4,"G60"
"943","paul's Astonishing Bracket","Kentucky",2,"G61"
"944","paul's Astonishing Bracket","Villanova",2,"G62"
"945","paul's Astonishing Bracket","Kentucky",1,"G63"
"946","Brendan's Faltering Bracket","Kentucky",32,"G1"
"947","Brendan's Faltering Bracket","Purdue",32,"G2"
"948","Brendan's Faltering Bracket","West Virginia",32,"G3"
"949","Brendan's Faltering Bracket","Maryland",32,"G4"
"950","Brendan's Faltering Bracket","Butler",32,"G5"
"951","Brendan's Faltering Bracket","Notre Dame",32,"G6"
"952","Brendan's Faltering Bracket","Wichita St.",32,"G7"
"953","Brendan's Faltering Bracket","Kansas",32,"G8"
"954","Brendan's Faltering Bracket","Wisconsin",32,"G9"
"955","Brendan's Faltering Bracket","Oklahoma St.",32,"G10"
"956","Brendan's Faltering Bracket","Arkansas",32,"G11"
"957","Brendan's Faltering Bracket","N. Carolina",32,"G12"
"958","Brendan's Faltering Bracket","Xavier",32,"G13"
"959","Brendan's Faltering Bracket","Baylor",32,"G14"
"960","Brendan's Faltering Bracket","Ohio St.",32,"G15"
"961","Brendan's Faltering Bracket","Arizona",32,"G16"
"962","Brendan's Faltering Bracket","Villanova",32,"G17"
"963","Brendan's Faltering Bracket","N.C. State",32,"G18"
"964","Brendan's Faltering Bracket","Northern Iowa",32,"G19"
"965","Brendan's Faltering Bracket","Louisville",32,"G20"
"966","Brendan's Faltering Bracket","Providence",32,"G21"
"967","Brendan's Faltering Bracket","Oklahoma",32,"G22"
"968","Brendan's Faltering Bracket","Michigan St.",32,"G23"
"969","Brendan's Faltering Bracket","Virginia",32,"G24"
"970","Brendan's Faltering Bracket","Duke",32,"G25"
"971","Brendan's Faltering Bracket","St. John's",32,"G26"
"972","Brendan's Faltering Bracket","Utah",32,"G27"
"973","Brendan's Faltering Bracket","Georgetown",32,"G28"
"974","Brendan's Faltering Bracket","SMU",32,"G29"
"975","Brendan's Faltering Bracket","Iowa St.",32,"G30"
"976","Brendan's Faltering Bracket","Davidson",32,"G31"
"977","Brendan's Faltering Bracket","Gonzaga",32,"G32"
"978","Brendan's Faltering Bracket","Kentucky",16,"G33"
"979","Brendan's Faltering Bracket","Maryland",16,"G34"
"980","Brendan's Faltering Bracket","Notre Dame",16,"G35"
"981","Brendan's Faltering Bracket","Kansas",16,"G36"
"982","Brendan's Faltering Bracket","Wisconsin",16,"G37"
"983","Brendan's Faltering Bracket","N. Carolina",16,"G38"
"984","Brendan's Faltering Bracket","Baylor",16,"G39"
"985","Brendan's Faltering Bracket","Arizona",16,"G40"
"986","Brendan's Faltering Bracket","Villanova",16,"G41"
"987","Brendan's Faltering Bracket","Louisville",16,"G42"
"988","Brendan's Faltering Bracket","Oklahoma",16,"G43"
"989","Brendan's Faltering Bracket","Virginia",16,"G44"
"990","Brendan's Faltering Bracket","Duke",16,"G45"
"991","Brendan's Faltering Bracket","Utah",16,"G46"
"992","Brendan's Faltering Bracket","Iowa St.",16,"G47"
"993","Brendan's Faltering Bracket","Gonzaga",16,"G48"
"994","Brendan's Faltering Bracket","Kentucky",8,"G49"
"995","Brendan's Faltering Bracket","Kansas",8,"G50"
"996","Brendan's Faltering Bracket","Wisconsin",8,"G51"
"997","Brendan's Faltering Bracket","Arizona",8,"G52"
"998","Brendan's Faltering Bracket","Louisville",8,"G53"
"999","Brendan's Faltering Bracket","Virginia",8,"G54"
"1000","Brendan's Faltering Bracket","Duke",8,"G55"
"1001","Brendan's Faltering Bracket","Iowa St.",8,"G56"
"1002","Brendan's Faltering Bracket","Kentucky",4,"G57"
"1003","Brendan's Faltering Bracket","Arizona",4,"G58"
"1004","Brendan's Faltering Bracket","Virginia",4,"G59"
"1005","Brendan's Faltering Bracket","Duke",4,"G60"
"1006","Brendan's Faltering Bracket","Kentucky",2,"G61"
"1007","Brendan's Faltering Bracket","Duke",2,"G62"
"1008","Brendan's Faltering Bracket","Kentucky",1,"G63"
"1009","WishIWereDrunkWhenIPickedThese","Kentucky",32,"G1"
"1010","WishIWereDrunkWhenIPickedThese","Purdue",32,"G2"
"1011","WishIWereDrunkWhenIPickedThese","West Virginia",32,"G3"
"1012","WishIWereDrunkWhenIPickedThese","Maryland",32,"G4"
"1013","WishIWereDrunkWhenIPickedThese","Butler",32,"G5"
"1014","WishIWereDrunkWhenIPickedThese","Notre Dame",32,"G6"
"1015","WishIWereDrunkWhenIPickedThese","Wichita St.",32,"G7"
"1016","WishIWereDrunkWhenIPickedThese","Kansas",32,"G8"
"1017","WishIWereDrunkWhenIPickedThese","Wisconsin",32,"G9"
"1018","WishIWereDrunkWhenIPickedThese","Oregon",32,"G10"
"1019","WishIWereDrunkWhenIPickedThese","Wofford",32,"G11"
"1020","WishIWereDrunkWhenIPickedThese","N. Carolina",32,"G12"
"1021","WishIWereDrunkWhenIPickedThese","Xavier",32,"G13"
"1022","WishIWereDrunkWhenIPickedThese","Baylor",32,"G14"
"1023","WishIWereDrunkWhenIPickedThese","VCU",32,"G15"
"1024","WishIWereDrunkWhenIPickedThese","Arizona",32,"G16"
"1025","WishIWereDrunkWhenIPickedThese","Villanova",32,"G17"
"1026","WishIWereDrunkWhenIPickedThese","LSU",32,"G18"
"1027","WishIWereDrunkWhenIPickedThese","Northern Iowa",32,"G19"
"1028","WishIWereDrunkWhenIPickedThese","Louisville",32,"G20"
"1029","WishIWereDrunkWhenIPickedThese","Providence",32,"G21"
"1030","WishIWereDrunkWhenIPickedThese","Oklahoma",32,"G22"
"1031","WishIWereDrunkWhenIPickedThese","Michigan St.",32,"G23"
"1032","WishIWereDrunkWhenIPickedThese","Virginia",32,"G24"
"1033","WishIWereDrunkWhenIPickedThese","Duke",32,"G25"
"1034","WishIWereDrunkWhenIPickedThese","S. Diego St.",32,"G26"
"1035","WishIWereDrunkWhenIPickedThese","Utah",32,"G27"
"1036","WishIWereDrunkWhenIPickedThese","Georgetown",32,"G28"
"1037","WishIWereDrunkWhenIPickedThese","SMU",32,"G29"
"1038","WishIWereDrunkWhenIPickedThese","Iowa St.",32,"G30"
"1039","WishIWereDrunkWhenIPickedThese","Iowa",32,"G31"
"1040","WishIWereDrunkWhenIPickedThese","Gonzaga",32,"G32"
"1041","WishIWereDrunkWhenIPickedThese","Kentucky",16,"G33"
"1042","WishIWereDrunkWhenIPickedThese","Maryland",16,"G34"
"1043","WishIWereDrunkWhenIPickedThese","Notre Dame",16,"G35"
"1044","WishIWereDrunkWhenIPickedThese","Kansas",16,"G36"
"1045","WishIWereDrunkWhenIPickedThese","Wisconsin",16,"G37"
"1046","WishIWereDrunkWhenIPickedThese","N. Carolina",16,"G38"
"1047","WishIWereDrunkWhenIPickedThese","Baylor",16,"G39"
"1048","WishIWereDrunkWhenIPickedThese","Arizona",16,"G40"
"1049","WishIWereDrunkWhenIPickedThese","Villanova",16,"G41"
"1050","WishIWereDrunkWhenIPickedThese","Louisville",16,"G42"
"1051","WishIWereDrunkWhenIPickedThese","Oklahoma",16,"G43"
"1052","WishIWereDrunkWhenIPickedThese","Virginia",16,"G44"
"1053","WishIWereDrunkWhenIPickedThese","Duke",16,"G45"
"1054","WishIWereDrunkWhenIPickedThese","Georgetown",16,"G46"
"1055","WishIWereDrunkWhenIPickedThese","Iowa St.",16,"G47"
"1056","WishIWereDrunkWhenIPickedThese","Gonzaga",16,"G48"
"1057","WishIWereDrunkWhenIPickedThese","Maryland",8,"G49"
"1058","WishIWereDrunkWhenIPickedThese","Notre Dame",8,"G50"
"1059","WishIWereDrunkWhenIPickedThese","Wisconsin",8,"G51"
"1060","WishIWereDrunkWhenIPickedThese","Arizona",8,"G52"
"1061","WishIWereDrunkWhenIPickedThese","Villanova",8,"G53"
"1062","WishIWereDrunkWhenIPickedThese","Virginia",8,"G54"
"1063","WishIWereDrunkWhenIPickedThese","Duke",8,"G55"
"1064","WishIWereDrunkWhenIPickedThese","Gonzaga",8,"G56"
"1065","WishIWereDrunkWhenIPickedThese","Maryland",4,"G57"
"1066","WishIWereDrunkWhenIPickedThese","Wisconsin",4,"G58"
"1067","WishIWereDrunkWhenIPickedThese","Villanova",4,"G59"
"1068","WishIWereDrunkWhenIPickedThese","Duke",4,"G60"
"1069","WishIWereDrunkWhenIPickedThese","Maryland",2,"G61"
"1070","WishIWereDrunkWhenIPickedThese","Duke",2,"G62"
"1071","WishIWereDrunkWhenIPickedThese","Maryland",1,"G63"
"1072","Daniel's Bold Bracket","Kentucky",32,"G1"
"1073","Daniel's Bold Bracket","Cincinnati",32,"G2"
"1074","Daniel's Bold Bracket","West Virginia",32,"G3"
"1075","Daniel's Bold Bracket","Maryland",32,"G4"
"1076","Daniel's Bold Bracket","Butler",32,"G5"
"1077","Daniel's Bold Bracket","Notre Dame",32,"G6"
"1078","Daniel's Bold Bracket","Indiana",32,"G7"
"1079","Daniel's Bold Bracket","Kansas",32,"G8"
"1080","Daniel's Bold Bracket","Wisconsin",32,"G9"
"1081","Daniel's Bold Bracket","Oklahoma St.",32,"G10"
"1082","Daniel's Bold Bracket","Arkansas",32,"G11"
"1083","Daniel's Bold Bracket","N. Carolina",32,"G12"
"1084","Daniel's Bold Bracket","Xavier",32,"G13"
"1085","Daniel's Bold Bracket","Baylor",32,"G14"
"1086","Daniel's Bold Bracket","Ohio St.",32,"G15"
"1087","Daniel's Bold Bracket","Arizona",32,"G16"
"1088","Daniel's Bold Bracket","Villanova",32,"G17"
"1089","Daniel's Bold Bracket","LSU",32,"G18"
"1090","Daniel's Bold Bracket","Northern Iowa",32,"G19"
"1091","Daniel's Bold Bracket","Louisville",32,"G20"
"1092","Daniel's Bold Bracket","Providence",32,"G21"
"1093","Daniel's Bold Bracket","Oklahoma",32,"G22"
"1094","Daniel's Bold Bracket","Michigan St.",32,"G23"
"1095","Daniel's Bold Bracket","Virginia",32,"G24"
"1096","Daniel's Bold Bracket","Duke",32,"G25"
"1097","Daniel's Bold Bracket","St. John's",32,"G26"
"1098","Daniel's Bold Bracket","Utah",32,"G27"
"1099","Daniel's Bold Bracket","Georgetown",32,"G28"
"1100","Daniel's Bold Bracket","SMU",32,"G29"
"1101","Daniel's Bold Bracket","Iowa St.",32,"G30"
"1102","Daniel's Bold Bracket","Iowa",32,"G31"
"1103","Daniel's Bold Bracket","Gonzaga",32,"G32"
"1104","Daniel's Bold Bracket","Kentucky",16,"G33"
"1105","Daniel's Bold Bracket","Maryland",16,"G34"
"1106","Daniel's Bold Bracket","Notre Dame",16,"G35"
"1107","Daniel's Bold Bracket","Kansas",16,"G36"
"1108","Daniel's Bold Bracket","Wisconsin",16,"G37"
"1109","Daniel's Bold Bracket","Arkansas",16,"G38"
"1110","Daniel's Bold Bracket","Baylor",16,"G39"
"1111","Daniel's Bold Bracket","Arizona",16,"G40"
"1112","Daniel's Bold Bracket","Villanova",16,"G41"
"1113","Daniel's Bold Bracket","Louisville",16,"G42"
"1114","Daniel's Bold Bracket","Oklahoma",16,"G43"
"1115","Daniel's Bold Bracket","Virginia",16,"G44"
"1116","Daniel's Bold Bracket","Duke",16,"G45"
"1117","Daniel's Bold Bracket","Georgetown",16,"G46"
"1118","Daniel's Bold Bracket","Iowa St.",16,"G47"
"1119","Daniel's Bold Bracket","Gonzaga",16,"G48"
"1120","Daniel's Bold Bracket","Kentucky",8,"G49"
"1121","Daniel's Bold Bracket","Notre Dame",8,"G50"
"1122","Daniel's Bold Bracket","Wisconsin",8,"G51"
"1123","Daniel's Bold Bracket","Arizona",8,"G52"
"1124","Daniel's Bold Bracket","Villanova",8,"G53"
"1125","Daniel's Bold Bracket","Oklahoma",8,"G54"
"1126","Daniel's Bold Bracket","Duke",8,"G55"
"1127","Daniel's Bold Bracket","Iowa St.",8,"G56"
"1128","Daniel's Bold Bracket","Kentucky",4,"G57"
"1129","Daniel's Bold Bracket","Arizona",4,"G58"
"1130","Daniel's Bold Bracket","Oklahoma",4,"G59"
"1131","Daniel's Bold Bracket","Duke",4,"G60"
"1132","Daniel's Bold Bracket","Kentucky",2,"G61"
"1133","Daniel's Bold Bracket","Duke",2,"G62"
"1134","Daniel's Bold Bracket","Kentucky",1,"G63"
"1135","The Turgeon General's Bracket","Kentucky",32,"G1"
"1136","The Turgeon General's Bracket","Cincinnati",32,"G2"
"1137","The Turgeon General's Bracket","West Virginia",32,"G3"
"1138","The Turgeon General's Bracket","Maryland",32,"G4"
"1139","The Turgeon General's Bracket","Butler",32,"G5"
"1140","The Turgeon General's Bracket","Notre Dame",32,"G6"
"1141","The Turgeon General's Bracket","Indiana",32,"G7"
"1142","The Turgeon General's Bracket","Kansas",32,"G8"
"1143","The Turgeon General's Bracket","Wisconsin",32,"G9"
"1144","The Turgeon General's Bracket","Oklahoma St.",32,"G10"
"1145","The Turgeon General's Bracket","Arkansas",32,"G11"
"1146","The Turgeon General's Bracket","N. Carolina",32,"G12"
"1147","The Turgeon General's Bracket","Xavier",32,"G13"
"1148","The Turgeon General's Bracket","Baylor",32,"G14"
"1149","The Turgeon General's Bracket","Ohio St.",32,"G15"
"1150","The Turgeon General's Bracket","Arizona",32,"G16"
"1151","The Turgeon General's Bracket","Villanova",32,"G17"
"1152","The Turgeon General's Bracket","LSU",32,"G18"
"1153","The Turgeon General's Bracket","Northern Iowa",32,"G19"
"1154","The Turgeon General's Bracket","Louisville",32,"G20"
"1155","The Turgeon General's Bracket","Providence",32,"G21"
"1156","The Turgeon General's Bracket","Oklahoma",32,"G22"
"1157","The Turgeon General's Bracket","Michigan St.",32,"G23"
"1158","The Turgeon General's Bracket","Virginia",32,"G24"
"1159","The Turgeon General's Bracket","Duke",32,"G25"
"1160","The Turgeon General's Bracket","St. John's",32,"G26"
"1161","The Turgeon General's Bracket","Utah",32,"G27"
"1162","The Turgeon General's Bracket","Georgetown",32,"G28"
"1163","The Turgeon General's Bracket","SMU",32,"G29"
"1164","The Turgeon General's Bracket","Iowa St.",32,"G30"
"1165","The Turgeon General's Bracket","Iowa",32,"G31"
"1166","The Turgeon General's Bracket","Gonzaga",32,"G32"
"1167","The Turgeon General's Bracket","Kentucky",16,"G33"
"1168","The Turgeon General's Bracket","Maryland",16,"G34"
"1169","The Turgeon General's Bracket","Butler",16,"G35"
"1170","The Turgeon General's Bracket","Kansas",16,"G36"
"1171","The Turgeon General's Bracket","Wisconsin",16,"G37"
"1172","The Turgeon General's Bracket","N. Carolina",16,"G38"
"1173","The Turgeon General's Bracket","Baylor",16,"G39"
"1174","The Turgeon General's Bracket","Arizona",16,"G40"
"1175","The Turgeon General's Bracket","Villanova",16,"G41"
"1176","The Turgeon General's Bracket","Louisville",16,"G42"
"1177","The Turgeon General's Bracket","Providence",16,"G43"
"1178","The Turgeon General's Bracket","Virginia",16,"G44"
"1179","The Turgeon General's Bracket","Duke",16,"G45"
"1180","The Turgeon General's Bracket","Georgetown",16,"G46"
"1181","The Turgeon General's Bracket","SMU",16,"G47"
"1182","The Turgeon General's Bracket","Gonzaga",16,"G48"
"1183","The Turgeon General's Bracket","Kentucky",8,"G49"
"1184","The Turgeon General's Bracket","Kansas",8,"G50"
"1185","The Turgeon General's Bracket","N. Carolina",8,"G51"
"1186","The Turgeon General's Bracket","Arizona",8,"G52"
"1187","The Turgeon General's Bracket","Villanova",8,"G53"
"1188","The Turgeon General's Bracket","Virginia",8,"G54"
"1189","The Turgeon General's Bracket","Duke",8,"G55"
"1190","The Turgeon General's Bracket","Gonzaga",8,"G56"
"1191","The Turgeon General's Bracket","Kentucky",4,"G57"
"1192","The Turgeon General's Bracket","N. Carolina",4,"G58"
"1193","The Turgeon General's Bracket","Virginia",4,"G59"
"1194","The Turgeon General's Bracket","Gonzaga",4,"G60"
"1195","The Turgeon General's Bracket","Kentucky",2,"G61"
"1196","The Turgeon General's Bracket","Virginia",2,"G62"
"1197","The Turgeon General's Bracket","Kentucky",1,"G63"
